aconto	adresse	boligtype	delevenlig	depositum	etage	forudbetalt_leje	husdyr_tilladt	indflytningspris	lejeperiode	mŒnedlig_leje	m¿bleret	oprettelsesdato	overtagelsesdato	st¿rrelse	v¾relser	longitude	latitude
	Cortex Park, 5230 Odense M 	Lejlighed	Ja	22500	1. sal		Nej	30000	Ubegr¾nset	7500	Nej	24/08/2018	snarest	72	2	10,4307407	55,3740591
520	Holbergsgade, 9000 Aalborg 	Lejlighed	Nej	27600	2. sal	9200	Nej	46520	Ubegr¾nset	9200	Nej	23/10/2018	ikke snarest	102	3	9,9148725	57,0501395
	Svalegangen, 9380 Vestbjerg	Lejlighed	Nej	25050	-	8350	Ja	41750	Ubegr¾nset	8350	Nej	20/02/2017	ikke snarest	116	5	9,9548935	57,1372124
0	Klostergade, 7770 Vestervig 	Lejlighed	Ja	9300	1. sal	0	Ja	12400	Ubegr¾nset	3100	Nej	28/09/2018	snarest	70	3	8,3207811	56,7627402
880	Fyensgade, 9000 Aalborg 	Lejlighed	Nej	22485	2. sal	7495	Nej	38355	Ubegr¾nset	7495	Nej	25/10/2018	snarest	95	3	9,9379923	57,042563
600	Smedegade, 8700 Horsens 	Lejlighed	Nej	17520	2. sal	0	Nej	23960	Ubegr¾nset	5840	Nej	25/10/2018	snarest	56	2	9,8482087	55,8635389
300	Park All, 8000 Aarhus C 	Lejlighed	Nej	25701	1. sal	25701	Nej	60269	Ubegr¾nset	8567	Nej	18/09/2018	ikke snarest	65	2	10,2039333	56,1529678
900	Jyllandsgade, 9000 Aalborg 	Lejlighed	Nej	29400	4. sal	9800	Nej	49900	Ubegr¾nset	9800	Nej	12/04/2018	snarest	126	3	9,9251282	57,0425038
1100	Stenvej, 8270 H¿jbjerg 	Lejlighed	Nej	34410	1. sal	11470	Nej	58450	Ubegr¾nset	11470	Nej	31/10/2018	snarest	135	4	10,204532	56,1070438
1200	Dyngbyvej, 8300 Odder	Villa	Nej	26100	-	8700	Nej	44700	2+ Œr	8700	Nej	29/08/2018	ikke snarest	144	3	10,2326069	55,9633336
0	Engelundsvej, 8260 Viby J	R¾kkehus	Nej	25245	-	8415	Ja	42075	Ubegr¾nset	8415	Nej	27/10/2018	snarest	60	2		
0	Weidekampsgade, 2300 K¿benhavn S 	Lejlighed	Ja	58125	stuen	58125	Nej	135625	1-2 Œr	19375	Nej	24/10/2018	snarest	119	4	12,5834379	55,6667922
850	Bredgade, 9830 TŒrs	Lejlighed	Nej	7800	-	0	Nej	11250	Ubegr¾nset	2600	Nej	05/09/2018	snarest	40	2	10,1197053	57,3837407
0	Kristianiagade, 2100 K¿benhavn ¯ 	V¾relse	Nej	14700	2. sal	0	Nej	19600	1-2 Œr	4900	Nej	09/10/2018	snarest	10	1	12,585728	55,6936289
500	M¿lleparken, 8660 Skanderborg 	Lejlighed	Ja	27000	stuen	9000	Nej	45500	Ubegr¾nset	9000	Nej	08/10/2018	snarest	96	3	9,919018	56,0394487
159	Gammel Landevej, 8380 Trige	Villa	Nej	5430	stuen	5430	Nej	12829	Ubegr¾nset	1810	Nej	05/07/2018	snarest	26	1		
700	Myrdalstr¾de, 9220 Aalborg ¯st 	Lejlighed	Ja	18240	1. sal	6080	Nej	31100	Ubegr¾nset	6080	Nej	04/10/2018	snarest	80	3		
159	Gammel Landevej, 8380 Trige 	Lejlighed	Nej	5265	k¾lderen	5265	Nej	12444	Ubegr¾nset	1755	Nej	25/09/2018	snarest	28	1		
0	Slotsgade, 3400 Hiller¿d 	Lejlighed	Nej	31500	2. sal	0	Nej	42000	Ubegr¾nset	10500	Nej	22/10/2018	snarest	73	3	12,2978112	55,9331921
500	Vesterbrogade, 9400 N¿rresundby 	Lejlighed	Nej	17985	4. sal	5995	Nej	30475	Ubegr¾nset	5995	Nej	29/10/2018	snarest	50	2	9,9223048	57,0575412
800	Thit Jensens Gade, 8000 Aarhus C 	Lejlighed	Ja	42300	1. sal	14100	Nej	71300	Ubegr¾nset	14100	Nej	07/09/2018	snarest	111	4	10,2285058	56,1645741
516	Rosensgade, 8300 Odder 	Lejlighed	Nej	12600	stuen	4200	Nej	21516	Ubegr¾nset	4200	Nej	03/10/2018	ikke snarest	44	2	10,1355125	55,9677161
0	Falstersgade, 8000 Aarhus C 	Lejlighed	Nej	26700	2. sal	26700	Nej	62300	Ubegr¾nset	8900	Nej	21/09/2018	ikke snarest	58	2	10,1990449	56,1637979
1000	S¿ndergade, 8000 Aarhus C 	Lejlighed	Ja	44700	1. sal	14900	Ja	75500	Ubegr¾nset	14900	Nej	30/10/2018	snarest	112	3	10,1926254	56,1591575
1200	Mejlbyparken, 8530 Hjortsh¿j 	R¾kkehus	Nej	27525	stuen	9175	Ja	47075	Ubegr¾nset	9175	Nej	14/08/2018	snarest	125	4		
0	Hassel¿vej, 4873 V¾ggerl¿se	Villa	Ja	26700	-	8900	Nej	44500	1-2 Œr	8900	Nej	23/10/2018	snarest	155	4		
700	Robert Jacobsens Vej, 2300 K¿benhavn S 	Lejlighed	Ja	37632	7. sal	12544	Nej	63420	Ubegr¾nset	12544	Nej	08/10/2018	ikke snarest	66	3	12,5745679	55,6230139
429	Gammel Landevej, 8380 Trige 	V¾relse	Ja	7860	stuen	7860	Nej	18769	Ubegr¾nset	2620	Nej	30/11/2017	snarest	48	1		
1300	S¿ndergade, 8000 Aarhus C 	Lejlighed	Ja	52500	4. sal	17500	Nej	88800	Ubegr¾nset	17500	Nej	30/10/2018	snarest	132	4	10,1926254	56,1591575
0	Borres¿vej, 8240 Risskov 	Lejlighed	Nej	30627	stuen	10209	Nej	51045	Ubegr¾nset	10209	Nej	19/09/2018	ikke snarest	98	3	10,2353511	56,2039269
	Langfredparken, 8471 Sabro	Lejlighed	Nej	32085	-		Ja	42780	Ubegr¾nset	10695	Nej	27/09/2018	snarest	108	4	10,0448138	56,2129401
0	Vivede M¿llehuse, 4640 Faxe	Villa	Nej	21000	-	21000	Ja	49000	Ubegr¾nset	7000	Nej	26/10/2018	ikke snarest	149	5	12,1622084	55,2539032
950	Sonnesgade, 8000 Aarhus C 	Lejlighed	Ja	31500	stuen	10500	Nej	53450	Ubegr¾nset	10500	Nej	08/02/2018	snarest	86	2	10,1943125	56,1523824
1200	Ribelandevej, 6270 T¿nder 	Lejlighed	Ja	14100	1. sal	14700	Ja	34900	Ubegr¾nset	4900	Nej	21/08/2018	snarest	108	3	8,8677603	54,9594762
1000	S¿ndergade, 6270 T¿nder 	Lejlighed	Ja	16500	stuen	0	Nej	23000	Ubegr¾nset	5500	Nej	03/09/2018	snarest	100	3	8,8719514	54,9345059
1050	Hedelunden, 2670 Greve	Lejlighed	Nej	34200	-	34200	Ja	80850	Ubegr¾nset	11400	Nej	01/11/2018	ikke snarest	72	2	12,3322606	55,605451
0	S¿lvvej, 8920 Randers NV	R¾kkehus	Nej	33000	-	0	Nej	44000	Ubegr¾nset	11000	Nej	23/10/2018	ikke snarest	124	4	9,9691808	56,4651888
0	Ingemannsvej, 5230 Odense M 	Lejlighed	Nej	29400	1. sal	29400	Nej	68600	1-2 Œr	9800	Nej	05/08/2018	ikke snarest	117	3	10,3925631	55,3791103
800	Daugbjergvej, 8000 Aarhus C 	Lejlighed	Nej	29400	2. sal	9800	Nej	49800	Ubegr¾nset	9800	Nej	29/10/2018	ikke snarest	93	2	10,1853598	56,1549974
1400	N¿rrebrogade, 2200 K¿benhavn N 	Lejlighed	Nej	67500	3. sal	67500	Nej	158900	Ubegr¾nset	22500	Nej	23/10/2018	snarest	146	4	12,5433959	55,6979275
800	S¿ndergade, 9900 Frederikshavn 	Lejlighed	Nej	10500	2. sal	0	Nej	14800	Ubegr¾nset	3500	Nej	13/09/2018	snarest	66	2	10,520467	57,4274382
1200	Eskildsgade, 1657 K¿benhavn V 	Lejlighed	Nej	59700	stuen	59700	Nej	140500	2+ Œr	19900	Nej	08/08/2018	snarest	141	4	12,5562255	55,6700444
	Amaliegade, 8600 Silkeborg 	Lejlighed	Nej	28485	2. sal	9495	Nej	47475	Ubegr¾nset	9495	Nej	05/01/2018	snarest	106	3	9,5487917	56,1656905
	VanddrŒben, 5240 Odense N¯ 	Lejlighed	Nej	23100	1. sal	7700	Ja	38500	Ubegr¾nset	7700	Nej	21/08/2018	snarest	90	4		
0	Langfredparken, 8471 Sabro	R¾kkehus	Ja	0	-	0	Ja	12400	Ubegr¾nset	12400	Nej	09/10/2018	snarest	124	4	10,0448138	56,2129401
0	Thygesminde All, 7000 Fredericia	Lejlighed	Nej	28215	-	0	Ja	37620	Ubegr¾nset	9405	Nej	23/10/2018	ikke snarest	117	4	9,7035127	55,5697666
0	Emdrupvej, 2100 K¿benhavn ¯	V¾relse	Nej	14250	-	4750	Nej	23750	Ubegr¾nset	4750	Nej	02/10/2018	snarest	10	1	12,5500536	55,7196871
1430	Kanalvej, 2800 Kongens Lyngby 	Lejlighed	Nej	61500	3. sal	20500	Nej	103380	Ubegr¾nset	19950	Nej	15/05/2018	snarest	132	4	12,5084452	55,7724398
500	Valdemarsgade, 9000 Aalborg 	Lejlighed	Ja	26700	3. sal	9400	Nej	45500	Ubegr¾nset	8900	Nej	23/10/2018	snarest	120	4	9,9093313	57,0506529
250	Brass¿vej, 8240 Risskov 	Lejlighed	Ja	28185	stuen	9395	Nej	47225	Ubegr¾nset	9395	Nej	14/05/2018	snarest	91	3	10,2353323	56,203707
600	Thun¿gade, 8000 Aarhus C 	Lejlighed	Nej	37800	2. sal	0	Nej	51000	2+ Œr	12600	Nej	15/10/2018	snarest	98	3	10,2081842	56,1621956
2200	Randersvej, 8380 Trige	Villa	Nej	32550	-	21700	Ja	67300	2+ Œr	10850	Nej	23/10/2018	snarest	147	4	10,155	56,2538003
0	Engelundsvej, 8260 Viby J	R¾kkehus	Ja	25245	-	8415	Ja	42075	Ubegr¾nset	8415	Nej	27/10/2018	snarest	58	3		
1000	Dalgade, 7100 Vejle 	Lejlighed	Nej	22050	stuen	0	Nej	30400	Ubegr¾nset	7350	Nej	16/10/2018	snarest	100	3	9,5230251	55,7163348
600	Nyborgvej, 5220 Odense S¯ 	Lejlighed	Nej	26850	3. sal	8950	Nej	45350	Ubegr¾nset	8950	Nej	05/10/2018	snarest	94	3		
0	Pilealle, 6000 Kolding	Villa	Nej	31500	-	10500	Ja	52500	1-2 Œr	10500	Nej	29/10/2018	snarest	148	5	9,4586108	55,5245533
0	Dreyersvej, 6000 Kolding 	Lejlighed	Nej	39000	1. sal	13000	Ja	65000	Ubegr¾nset	13000	Nej	09/10/2018	snarest	183	5	9,471653	55,4808221
0	S¿lvgade, 1307 K¿benhavn K	V¾relse	Nej	3000	-	5750	Nej	14500	2-12 mdr.	5750	Ja	23/10/2018	snarest	16	1	12,5787774	55,6873801
1300	S¿ndergade, 8000 Aarhus C 	Lejlighed	Ja	52500	4. sal	17500	Nej	88800	Ubegr¾nset	17500	Nej	30/10/2018	snarest	135	4	10,1926254	56,1591575
	Amaliegade, 8600 Silkeborg 	Lejlighed	Nej	26985	2. sal	8995	Nej	44975	Ubegr¾nset	8995	Nej	07/09/2018	snarest	106	3	9,5487917	56,1656905
500	Skagensvej, 9800 Hj¿rring 	Lejlighed	Nej	13470	1. sal	0	Nej	18460	Ubegr¾nset	4490	Nej	09/10/2018	ikke snarest	55	2	9,9906221	57,4729122
0	Hollandsvej, 2800 Kongens Lyngby	R¾kkehus	Ja	32000	-	0	Nej	48000	2-12 mdr.	16000	Ja	22/10/2018	snarest	100	5	12,5092819	55,7658074
	Christian X's Vej, 8260 Viby J	Lejlighed	Nej	19086	-	19086	Nej	44534	2+ Œr	6362	Nej	29/10/2018	ikke snarest	31	1	10,1754977	56,1351325
1100	Koktvedvej, 9900 Frederikshavn 	Lejlighed	Nej	11925	1. sal	0	Nej	17800	Ubegr¾nset	4175	Nej	29/08/2018	snarest	76	2	10,5215662	57,4339496
1100	Amaliegade, 8000 Aarhus C 	Lejlighed	Ja	43500	3. sal	43500	Nej	102600	Ubegr¾nset	14500	Nej	19/09/2018	snarest	144	3	10,2070981	56,1539914
300	S¿gŒrdsvej, 4200 Slagelse	Villa	Nej	20400	-	20400	Ja	47900	Ubegr¾nset	6800	Nej	22/10/2018	snarest	77	1	11,4412474	55,3613088
600	Skovvej, 9400 N¿rresundby 	Lejlighed	Nej	13590	1. sal	0	Nej	20985	Ubegr¾nset	6795	Nej	23/09/2018	snarest	78	3	9,9173348	57,0611707
700	Robert Jacobsens Vej, 2300 K¿benhavn S 	Lejlighed	Ja	38508	7. sal	12836	Nej	64880	Ubegr¾nset	12836	Nej	27/10/2018	snarest	71	3	12,5745679	55,6230139
1150	HyldegŒrds Tv¾rvej, 2920 Charlottenlund 	Lejlighed	Nej	53145	1. sal	53145	Nej	125155	Ubegr¾nset	17715	Nej	22/10/2018	snarest	146	4		
1100	Holmstruph¿jvej, 8210 Aarhus V	R¾kkehus	Nej	28500	-	28500	Nej	67600	1-2 Œr	9500	Nej	30/08/2018	ikke snarest	85	3	10,1317362	56,175526
1200	Amager Boulevard, 2300 K¿benhavn S 	Lejlighed	Nej	64200	5. sal	64200	Nej	151000	Ubegr¾nset	21400	Nej	23/10/2018	snarest	141	3	12,5876736	55,6677336
950	Skt. Pauls Gade, 8000 Aarhus C 	Lejlighed	Nej	23550	2. sal	0	Nej	32350	1-2 Œr	7850	Nej	26/10/2018	snarest	78	3		
750	Engvej, 9400 N¿rresundby 	Lejlighed	Ja	17700	stuen	11800	Nej	36150	Ubegr¾nset	5900	Nej	14/08/2018	snarest	80	3	9,9255733	57,0577081
300	toften, 5471 S¿nders¿	R¾kkehus	Ja	19566	-	6522	Ja	32910	Ubegr¾nset	6522	Nej	24/10/2018	snarest	88	3	10,2589765	55,4877851
0	Axelh¿j, 2610 R¿dovre	Lejlighed	Nej	35700	-	0	Nej	47600	1-2 Œr	11900	Ja	20/10/2018	snarest	76	3	12,4600296	55,6743178
900	S¿ndergade, 9000 Aalborg 	Lejlighed	Nej	23985	2. sal	7995	Nej	40875	Ubegr¾nset	7995	Nej	25/10/2018	ikke snarest	99	3	9,9291028	57,0456577
625	Vestergade, 9460 Brovst 	Lejlighed	Nej	16500	1. sal	0	Ja	22625	Ubegr¾nset	5500	Nej	31/10/2018	ikke snarest	82	3	9,5046822	57,0961823
800	Storegade, 6200 Aabenraa 	Lejlighed	Ja	15750	1. sal	5250	Nej	27050	Ubegr¾nset	5250	Nej	26/09/2018	snarest	92	3	9,4188475	55,0435608
450	S¿ren Frichs Vej, 8230 byh¿j 	Lejlighed	Ja	28800	stuen	9600	Nej	48450	Ubegr¾nset	9600	Nej	24/07/2018	snarest	81	3	10,1668037	56,150267
600	Christiansgade, 9000 Aalborg 	Lejlighed	Nej	20250	2. sal	6750	Nej	34350	Ubegr¾nset	6750	Nej	25/10/2018	snarest	67	2	9,9202815	57,0440713
1600	Sortedam Dossering, 2200 K¿benhavn N 	Lejlighed	Nej	60642	2. sal	60642	Nej	143098	Ubegr¾nset	20214	Nej	31/10/2018	snarest	157	4	12,566996	55,6920812
	Teglh¿jen, 5690 Tommerup	Lejlighed	Nej	22155	-	7385	Ja	36925	Ubegr¾nset	7385	Nej	31/08/2018	ikke snarest	92	4	10,1760592	55,3486054
700	Thit Jensens Gade, 8000 Aarhus C 	Lejlighed	Ja	32700	stuen	10900	Nej	55200	Ubegr¾nset	10900	Nej	13/09/2018	snarest	96	3	10,2285058	56,1645741
600	Smedegade, 8700 Horsens 	Lejlighed	Nej	18591	stuen	0	Nej	25388	Ubegr¾nset	6197	Nej	09/09/2018	snarest	64	2	9,8482087	55,8635389
1000	Chr. W¾rums Gade, 8000 Aarhus C 	Lejlighed	Ja	33000	5. sal	11000	Nej	56000	Ubegr¾nset	11000	Nej	12/10/2018	snarest	99	3		
450	Gelstedvej, 5591 Gelsted	Villa	Nej	22350	stuen	0	Ja	30250	Ubegr¾nset	7450	Nej	23/10/2018	snarest	105	5	9,9708378	55,4060514
600	Vesterbro, 9000 Aalborg 	Lejlighed	Nej	16185	1. sal	5395	Nej	27575	Ubegr¾nset	5395	Nej	25/09/2018	ikke snarest	68	2	9,9133799	57,0462433
600	Finsensvej, 2000 Frederiksberg 	V¾relse	Nej	16500	stuen	0	Nej	22600	2-12 mdr.	5500	Ja	04/10/2018	ikke snarest	13	1	12,5163141	55,6814515
1000	Nordre Teglkaj, 2450 K¿benhavn SV 	V¾relse	Nej	18000	stuen	0	Nej	25000	Ubegr¾nset	6000	Nej	25/10/2018	ikke snarest	14	1		
1000	S¿ndergade, 8000 Aarhus C 	Lejlighed	Nej	35700	2. sal	11900	Ja	60500	Ubegr¾nset	11900	Nej	30/10/2018	snarest	83	2	10,1926254	56,1591575
700	Klostertorvet, 8000 Aarhus C 	Lejlighed	Nej	26250	2. sal	26250	Nej	61950	Ubegr¾nset	8750	Nej	09/10/2018	snarest	56	2	10,2070499	56,1580983
900	R¿rsangervej, 3650 ¯lstykke 	Lejlighed	Nej	26985	1. sal	8995	Nej	45875	Ubegr¾nset	8995	Nej	25/10/2018	snarest	140	4	12,1436627	55,7877005
0	Slotsgade, 6200 Aabenraa 	Lejlighed	Nej	13200	stuen	0	Nej	17600	2+ Œr	4400	Nej	03/04/2018	ikke snarest	62	2	9,4178745	55,0414571
0	Torveporten, 2500 Valby 	V¾relse	Nej	16500	5. sal	5500	Nej	27500	2-12 mdr.	5500	Ja	26/09/2018	snarest	11	1	12,5081023	55,6539305
0	Nordre Ringgade, 8200 Aarhus N	V¾relse	Nej	13200	-	0	Nej	17600	Ubegr¾nset	4400	Nej	19/10/2018	snarest	10	1	10,2021825	56,1713747
700	Agtrupvej, 6000 Kolding 	Lejlighed	Nej	19500	1. sal	6500	Nej	33200	Ubegr¾nset	6500	Nej	19/09/2018	ikke snarest	84	3	9,4715754	55,4839865
700	Thun¿gade, 8000 Aarhus C 	Lejlighed	Nej	39600	1. sal	0	Nej	53500	2+ Œr	13200	Ja	16/10/2018	snarest	102	3	10,2081842	56,1621956
950	Rugaards Skovvej, 8680 Ry 	Lejlighed	Nej	20766	2. sal	6922	Nej	35560	Ubegr¾nset	6922	Nej	24/10/2018	snarest	73	2		
0	Granly Alle, 6710 Esbjerg V 	Lejlighed	Nej	14100	stuen	0	Nej	18800	Ubegr¾nset	4700	Nej	23/10/2018	ikke snarest	47	2	8,4114057	55,4942097
700	Vesterbro, 9000 Aalborg	Lejlighed	Ja	28500	-	10200	Ja	48900	Ubegr¾nset	9500	Nej	02/08/2018	snarest	122	3	9,9133799	57,0462433
200	Borres¿vej, 8240 Risskov 	Lejlighed	Nej	28500	1. sal	9500	Nej	47700	Ubegr¾nset	9500	Nej	22/10/2018	snarest	77	3	10,2353511	56,2039269
0	Ahornsvinget, 7500 Holstebro	Villa	Ja	23850	-	7950	Ja	39750	2+ Œr	7950	Nej	15/10/2018	snarest	135	8	8,6025168	56,3157919
0	EngskovgŒrd, 8541 Sk¿dstrup	R¾kkehus	Nej	31800	-	10600	Nej	53000	Ubegr¾nset	10600	Nej	27/09/2018	snarest	130	4	10,3075817	56,2598334
1100	Gormsgade, 7100 Vejle 	Lejlighed	Ja	18000	2. sal	0	Ja	25100	Ubegr¾nset	6000	Nej	19/10/2018	ikke snarest	72	2	9,5350069	55,7155687
1100	Idom vej, 7500 Holstebro	Lejlighed	Nej	17700	-	11800	Nej	36500	Ubegr¾nset	5900	Nej	09/08/2018	ikke snarest	120	3		
	Cortex Park, 5230 Odense M 	Lejlighed	Ja	25626	5. sal		Nej	34168	Ubegr¾nset	8542	Nej	24/08/2018	snarest	82	2	10,4307407	55,3740591
0	Langfredparken, 8471 Sabro	R¾kkehus	Ja	0	-	0	Ja	12400	Ubegr¾nset	12400	Nej	09/10/2018	snarest	124	5	10,0448138	56,2129401
0	Borres¿vej, 8240 Risskov 	Lejlighed	Nej	23940	2. sal	7980	Nej	39900	Ubegr¾nset	7980	Nej	01/11/2018	ikke snarest	56	2	10,2353511	56,2039269
1500	Dea Trier M¿rchs Vej, 2300 K¿benhavn S 	Lejlighed	Ja	51300	7. sal	17100	Ja	87000	Ubegr¾nset	17100	Nej	03/11/2017	snarest	141	4	12,5808459	55,6364883
600	Thit Jensens Gade, 8000 Aarhus C 	Lejlighed	Nej	31314	4. sal	10438	Nej	52790	Ubegr¾nset	10438	Nej	07/09/2018	snarest	75	2	10,2285058	56,1645741
0	H.P. ¯rums Gade, 2100 K¿benhavn ¯ 	R¾kkehus	Nej	20000	stuen	20000	Ja	57999	2-12 mdr.	17999	Ja	25/10/2018	ikke snarest	112	4	12,5596878	55,7109656
900	Guldsmedgade, 8000 Aarhus C 	Lejlighed	Ja	36000	3. sal	12000	Nej	60900	Ubegr¾nset	12000	Nej	11/10/2018	snarest	100	3	10,2070614	56,1581379
0	Ulsh¿jsvej, 9210 Aalborg S¯	V¾relse	Nej	8400	-	0	Nej	11200	Ubegr¾nset	2800	Nej	23/10/2018	snarest	15	1		
200	Brass¿vej, 8240 Risskov 	Lejlighed	Ja	27975	2. sal	9325	Nej	46825	Ubegr¾nset	9325	Nej	12/06/2018	snarest	75	3	10,2353323	56,203707
800	N¿rregade, 7500 Holstebro 	Lejlighed	Nej	15900	2. sal	0	Nej	22000	Ubegr¾nset	5300	Nej	27/10/2018	snarest	78	2	8,6180603	56,3604745
	Cortex Park, 5230 Odense M 	Lejlighed	Ja	24690	3. sal		Nej	32920	Ubegr¾nset	8230	Nej	24/08/2018	snarest	79	3	10,4307407	55,3740591
800	Strandvejen, 9000 Aalborg 	Lejlighed	Nej	22800	3. sal	7600	Nej	38800	Ubegr¾nset	7600	Nej	29/10/2018	snarest	73	2	9,9210993	57,0510744
	Bjergager, 5854 Gislev	Lejlighed	Nej	20220	-	6740	Ja	33700	Ubegr¾nset	6740	Nej	02/07/2018	snarest	85	4	10,5939144	55,2091502
650	Vesterbro, 9000 Aalborg 	Lejlighed	Ja	16350	4. sal	5450	Nej	27900	Ubegr¾nset	5450	Nej	16/10/2018	snarest	70	2	9,9133799	57,0462433
1200	Ny Adelgade, 1104 K¿benhavn K	Lejlighed	Nej	44563	-	44563	Nej	105181	Ubegr¾nset	14855	Nej	17/10/2018	snarest	115	3	12,5832725	55,6814389
2000	Stevnsvej, 4600 K¿ge	Villa	Ja	49500	-	16500	Nej	84500	Ubegr¾nset	16500	Nej	22/10/2018	snarest	170	6	12,2233297	55,4203805
250	Brass¿vej, 8240 Risskov 	Lejlighed	Ja	34344	3. sal	11448	Nej	57490	Ubegr¾nset	11448	Nej	12/06/2018	snarest	90	4	10,2353323	56,203707
600	Nyborgvej, 5220 Odense S¯ 	Lejlighed	Nej	28350	4. sal	9450	Nej	47850	Ubegr¾nset	9450	Nej	24/10/2018	snarest	98	3		
200	Brass¿vej, 8240 Risskov 	Lejlighed	Ja	27885	1. sal	9295	Nej	46675	Ubegr¾nset	9295	Nej	05/09/2018	snarest	72	3	10,2353323	56,203707
850	N¿rregade, 9640 Fars¿ 	Lejlighed	Nej	10800	1. sal	0	Ja	15250	Ubegr¾nset	3600	Nej	29/10/2018	snarest	70	2	9,3408033	56,7770133
200	Brass¿vej, 8240 Risskov 	Lejlighed	Ja	33894	4. sal	11298	Nej	56690	Ubegr¾nset	11298	Nej	12/06/2018	snarest	82	4	10,2353323	56,203707
500	Gr¿nningen, 6000 Kolding 	Lejlighed	Nej	8940	stuen	2980	Nej	15400	Ubegr¾nset	2980	Nej	30/10/2018	snarest	30	1	9,4805706	55,4946225
200	Brass¿vej, 8240 Risskov 	Lejlighed	Ja	28725	3. sal	9575	Nej	48075	Ubegr¾nset	9575	Nej	12/06/2018	snarest	86	3	10,2353323	56,203707
600	Langelinie , 7100 Vejle 	Lejlighed	Ja	25500	2. sal	0	Nej	34600	Ubegr¾nset	8500	Nej	01/10/2018	snarest	95	3	9,5449102	55,7122404
0	Nymarks All, 8320 MŒrslet 	Lejlighed	Nej	27735	stuen	9245	Nej	46225	Ubegr¾nset	9245	Nej	16/04/2018	snarest	96	4	10,1581716	56,0597403
950	Jernbanegade, 6000 Kolding 	Lejlighed	Nej	25180	3. sal	6610	Ja	34000	Ubegr¾nset	6610	Nej	30/10/2018	ikke snarest	100	3	9,4795894	55,4903856
550	L¾s¿gade, 9000 Aalborg 	Lejlighed	Ja	16350	4. sal	6000	Nej	28350	Ubegr¾nset	5450	Nej	23/10/2018	ikke snarest	69	2	9,9410271	57,0406826
1000	Vinkelvej, 3480 Fredensborg	Villa	Nej	39000	-	0	Nej	53000	Ubegr¾nset	13000	Nej	24/09/2018	snarest	118	4	12,4072541	55,9743221
800	Vester All, 8000 Aarhus C 	Lejlighed	Ja	32700	4. sal	32700	Nej	77100	Ubegr¾nset	10900	Nej	29/10/2018	ikke snarest	89	3	10,1992614	56,1563661
1400	Sct. Ibs Gade, 8800 Viborg 	Lejlighed	Ja	23985	stuen	0	Nej	33380	Ubegr¾nset	7995	Nej	13/10/2018	snarest	126	5		
780	¯sterbro, 9000 Aalborg 	Lejlighed	Nej	23250	1. sal	7750	Nej	39530	Ubegr¾nset	7750	Nej	29/10/2018	snarest	104	3	9,9420315	57,0456906
200	Brass¿vej, 8240 Risskov 	Lejlighed	Ja	33894	3. sal	11298	Nej	56690	Ubegr¾nset	11298	Nej	12/06/2018	snarest	82	4	10,2353323	56,203707
1550	Hospitalsvej, 2000 Frederiksberg 	Lejlighed	Nej	53850	5. sal	17950	Nej	91300	Ubegr¾nset	17950	Nej	18/06/2018	ikke snarest	108	3	12,5294546	55,679218
	R¿dlundvej, 8462 Harlev J	Lejlighed	Nej	27165	-	9055	Ja	45275	Ubegr¾nset	9055	Nej	16/07/2018	ikke snarest	90	4	9,9896126	56,1430976
800	Smedegade, 8600 Silkeborg 	Lejlighed	Nej	20400	1. sal	13600	Nej	41600	Ubegr¾nset	6800	Nej	29/10/2018	ikke snarest	82	3	9,6965134	56,1904801
800	Skejbytoften, 8200 Aarhus N 	Lejlighed	Nej	22437	3. sal	7479	Nej	38195	Ubegr¾nset	7479	Nej	29/10/2018	ikke snarest	60	2	10,1914481	56,1996823
350	Jernbanegade, 9000 Aalborg 	Lejlighed	Ja	17100	3. sal	5700	Nej	28850	Ubegr¾nset	5700	Nej	29/10/2018	snarest	58	2	9,916021	57,0466653
1050	N¿rregade, 9640 Fars¿ 	Lejlighed	Nej	15600	stuen	0	Ja	21850	Ubegr¾nset	5200	Nej	29/10/2018	snarest	117	4	9,3408033	56,7770133
700	Robert Jacobsens Vej, 2300 K¿benhavn S 	Lejlighed	Ja	44190	8. sal	14730	Nej	74350	Ubegr¾nset	14730	Nej	12/10/2018	snarest	79	4	12,5745679	55,6230139
750	Randersvej , 9500 Hobro 	Lejlighed	Nej	5000	stuen	0	Nej	8250	Ubegr¾nset	2500	Nej	30/10/2018	snarest	30	1	9,8038765	56,6266129
700	Robert Jacobsens Vej, 2300 K¿benhavn S 	Lejlighed	Ja	48660	8. sal	16220	Nej	81800	Ubegr¾nset	16220	Nej	27/10/2018	snarest	98	4	12,5745679	55,6230139
900	Kronprinsensgade, 6700 Esbjerg 	Lejlighed	Nej	28650	3. sal	0	Ja	39100	Ubegr¾nset	9550	Nej	22/10/2018	snarest	140	5	8,4455196	55,4667401
0	Hammerum Hovedgade, 7400 Herning 	Lejlighed	Ja	22305	2. sal	0	Nej	29740	Ubegr¾nset	7435	Nej	30/09/2018	snarest	106	4	9,0727535	56,1331799
850	Fyensgade, 9000 Aalborg 	Lejlighed	Nej	23250	2. sal	7750	Nej	39600	Ubegr¾nset	7750	Nej	29/10/2018	ikke snarest	97	3	9,9379923	57,042563
	James Tobins All, 9220 Aalborg ¯st 	Lejlighed	Ja	27450	2. sal	9150	Nej	45750	Ubegr¾nset	9150	Nej	02/08/2018	snarest	98	4		
700	Indelukket, 9800 Hj¿rring 	Lejlighed	Nej	20400	1. sal	0	Nej	27900	Ubegr¾nset	6800	Nej	10/09/2018	ikke snarest	102	3	9,9962204	57,449011
800	Ryesgade, 8000 Aarhus C 	Lejlighed	Ja	29985	2. sal	29985	Nej	70765	Ubegr¾nset	9995	Nej	06/08/2018	snarest	79	2	10,2050586	56,1522418
750	Dalgasgade, 9000 Aalborg 	Lejlighed	Nej	17985	3. sal	5995	Nej	30725	Ubegr¾nset	5995	Nej	10/10/2018	snarest	60	2	9,9133271	57,0494602
800	BrendstrupgŒrdsvej, 8200 Aarhus N 	Lejlighed	Nej	24414	1. sal	8138	Nej	41490	Ubegr¾nset	8138	Nej	27/10/2018	snarest	60	2	10,1773316	56,1893481
1300	S¿ndergade, 8000 Aarhus C 	Lejlighed	Ja	53700	3. sal	17900	Nej	90800	Ubegr¾nset	17900	Nej	30/10/2018	snarest	151	4	10,1926254	56,1591575
1000	Holl¾ndervej, 6000 Kolding 	Lejlighed	Ja	20850	1. sal	13900	Nej	42700	Ubegr¾nset	6950	Nej	05/09/2018	snarest	80	3	9,4769241	55,4851796
500	¯sterled, 5000 Odense C 	Lejlighed	Nej	18540	2. sal	12360	Nej	37630	Ubegr¾nset	6230	Nej	08/08/2018	snarest	57	2	10,407954	55,3941907
1550	Smallegade, 2000 Frederiksberg 	Lejlighed	Nej	58500	4. sal	19500	Nej	99050	Ubegr¾nset	19500	Nej	16/07/2018	ikke snarest	144	3	12,5244316	55,6794694
700	Robert Jacobsens Vej, 2300 K¿benhavn S 	Lejlighed	Nej	36147	4. sal	12049	Nej	60945	Ubegr¾nset	12049	Nej	27/10/2018	snarest	63	2	12,5745679	55,6230139
200	Brass¿vej, 8240 Risskov 	Lejlighed	Ja	28575	2. sal	9525	Nej	47825	Ubegr¾nset	9525	Nej	12/06/2018	snarest	86	3	10,2353323	56,203707
1564	Hedelunden, 2670 Greve	Lejlighed	Ja	47850	-	47850	Ja	113214	Ubegr¾nset	15950	Nej	01/11/2018	ikke snarest	116	4	12,3322606	55,605451
	Slyngborggade, 8900 Randers C 	Lejlighed	Nej	17250	stuen	5750	Nej	28750	Ubegr¾nset	5750	Nej	16/07/2018	snarest	64	3	10,0304516	56,4626655
200	Brass¿vej, 8240 Risskov 	Lejlighed	Ja	32685	stuen	10895	Nej	54675	Ubegr¾nset	10895	Nej	12/06/2018	snarest	80	4	10,2353323	56,203707
700	Christiansgade, 9000 Aalborg 	Lejlighed	Nej	17250	1. sal	5750	Nej	29450	Ubegr¾nset	5750	Nej	11/10/2018	snarest	71	2	9,9202815	57,0440713
750	Fyensgade, 9000 Aalborg 	Lejlighed	Nej	26985	2. sal	8995	Nej	45725	Ubegr¾nset	8995	Nej	26/10/2018	ikke snarest	92	4	9,9379923	57,042563
150	Dyrehavevej, 6000 Kolding	R¾kkehus	Nej	32700	-	0	Nej	43750	2+ Œr	10900	Nej	26/10/2018	snarest	118	4	9,4784003	55,4983315
800	Gl. lbovej, 6092 S¿nder Stenderup	Villa	Nej	27000	-	9000	Nej	45800	Ubegr¾nset	9000	Nej	31/10/2017	snarest	200	4		
825	GrenŒvej, 8541 Sk¿dstrup 	Lejlighed	Nej	17700	stuen	17700	Nej	42125	Ubegr¾nset	5900	Nej	15/08/2018	snarest	69	2	10,3001457	56,2496906
1100	Amaliegade, 8000 Aarhus C 	Lejlighed	Ja	49500	3. sal	49500	Nej	116600	Ubegr¾nset	16500	Nej	08/10/2018	snarest	143	4	10,2070981	56,1539914
1400	K¿bmagergade, 1150 K¿benhavn K 	Lejlighed	Ja	70500	4. sal	70500	Nej	165900	Ubegr¾nset	23500	Nej	17/11/2017	snarest	167	4	12,5772834	55,6808344
250	Gl. Kongevej, 6000 Kolding	Lejlighed	Nej	26104	-	6665	Ja	33575	Ubegr¾nset	6665	Nej	31/10/2018	ikke snarest	68	2		
400	Viborgvej, 8000 Aarhus C 	Lejlighed	Nej	23100	3. sal	23100	Nej	54300	Ubegr¾nset	7700	Nej	26/10/2018	snarest	66	2	10,1937595	56,1574009
1800	Korsvejen, 8660 Skanderborg	Villa	Nej	31365	-	20910	Ja	64530	2+ Œr	10455	Nej	31/10/2018	snarest	137	6	9,9134208	56,0410282
1220	Edvard Thomsens Vej, 2300 K¿benhavn S 	Lejlighed	Ja	42447	10. sal	14149	Nej	71965	Ubegr¾nset	14149	Nej	09/10/2018	ikke snarest	106	4	12,5759955	55,6324585
700	Vesterbro, 9000 Aalborg	Lejlighed	Ja	23400	-	8500	Ja	40400	Ubegr¾nset	7800	Nej	29/10/2018	snarest	93	3	9,9133799	57,0462433
0	LangagergŒrd, 8700 Horsens	R¾kkehus	Nej	29970	-	0	Nej	39960	Ubegr¾nset	9990	Nej	26/06/2018	ikke snarest	124	4	9,8300707	55,8990614
800	Korsgade, 9000 Aalborg 	Lejlighed	Nej	33000	stuen	0	Nej	44800	Ubegr¾nset	11000	Nej	23/10/2018	snarest	113	3	9,9167371	57,0505715
680	Schleppegrellsgade, 9000 Aalborg 	Lejlighed	Nej	17250	2. sal	5750	Nej	29430	Ubegr¾nset	5750	Nej	29/10/2018	snarest	65	2	9,9013538	57,0532867
1000	S¿ndergade, 8000 Aarhus C 	Lejlighed	Ja	43500	3. sal	14500	Nej	73500	Ubegr¾nset	14500	Nej	30/10/2018	snarest	116	3	10,1926254	56,1591575
1250	Rebslagerstien, 9900 Frederikshavn 	Lejlighed	Ja	19200	stuen	0	Ja	26850	Ubegr¾nset	6400	Nej	18/10/2018	ikke snarest	117	4	10,5343973	57,4458767
800	S¿ndre Ringgade, 8000 Aarhus C 	Lejlighed	Ja	34500	2. sal	34500	Nej	81300	Ubegr¾nset	11500	Nej	30/10/2018	ikke snarest	104	3	10,1896742	56,1437934
	Marie Curies All, 9220 Aalborg ¯st	Lejlighed	Ja	27900	-	9300	Nej	46500	Ubegr¾nset	9300	Nej	02/08/2018	snarest	101	4		
250	Gr¿nnegade, 5600 Faaborg 	Lejlighed	Nej	15825	stuen	5525	Nej	26875	Ubegr¾nset	5275	Nej	26/10/2018	snarest	69	2	10,242732	55,095995
1000	S¿ndergade, 8000 Aarhus C 	Lejlighed	Nej	40500	4. sal	13500	Nej	68500	Ubegr¾nset	13500	Nej	30/10/2018	snarest	103	2	10,1926254	56,1591575
1350	Strandvejen, 3070 Snekkersten 	Lejlighed	Nej	78000	2. sal	78000	Nej	183350	Ubegr¾nset	26000	Nej	19/10/2018	snarest	211	5	12,5893482	56,0092093
	Cortex Park, 5230 Odense M 	Lejlighed	Ja	24063	3. sal		Nej	32084	Ubegr¾nset	8021	Nej	24/08/2018	snarest	77	3	10,4307407	55,3740591
675	Nordlandsvej, 8240 Risskov 	Lejlighed	Nej	20100	1. sal	0	Nej	27475	Ubegr¾nset	6700	Nej	30/10/2018	ikke snarest	48	2	10,222265	56,2072133
	Amaliegade, 8600 Silkeborg 	Lejlighed	Nej	17291	1. sal	5764	Nej	28819	Ubegr¾nset	5764	Nej	07/09/2018	snarest	63	1	9,5487917	56,1656905
1000	Agtrupvej, 6000 Kolding 	Lejlighed	Nej	24740	1. sal	6385	Ja	32925	Ubegr¾nset	6385	Nej	22/08/2018	ikke snarest	91	4	9,4715754	55,4839865
1300	S¿ndergade, 8000 Aarhus C 	Lejlighed	Ja	49800	4. sal	16600	Nej	84300	Ubegr¾nset	16600	Nej	30/10/2018	snarest	135	3	10,1926254	56,1591575
1000	S¿ndergade, 9900 Frederikshavn 	Lejlighed	Nej	10500	1. sal	0	Nej	15000	Ubegr¾nset	3500	Nej	05/10/2018	snarest	65	2	10,520467	57,4274382
2000	N¿rrebrogade, 2200 K¿benhavn N 	Lejlighed	Nej	79200	5. sal	79200	Nej	186800	Ubegr¾nset	26400	Nej	23/10/2018	snarest	205	3	12,5433959	55,6979275
500	Bygaden, 4490 Jerslev Sj¾lland	Villa	Nej	23700	-	7900	Ja	40000	Ubegr¾nset	7900	Nej	15/09/2018	snarest	160	7	11,237931	55,610827
1000	S¿ndergade, 9900 Frederikshavn 	Lejlighed	Nej	11700	2. sal	0	Nej	16600	Ubegr¾nset	3900	Nej	07/10/2018	snarest	80	4	10,520467	57,4274382
1350	Vodroffsvej, 1900 Frederiksberg C 	Lejlighed	Nej	82407	2. sal	82407	Nej	193633	Ubegr¾nset	27469	Nej	23/10/2018	snarest	212	6		
500	Engtoftevej, 9000 Aalborg 	Lejlighed	Nej	19500	stuen	0	Nej	26500	Ubegr¾nset	6500	Nej	24/10/2018	snarest	66	2	9,8941742	57,0539084
0	Hartmannsvej, 2900 Hellerup 	V¾relse	Nej	10000	stuen	0	Nej	13800	1-2 Œr	3800	Nej	17/12/2017	snarest	12	1	12,5658848	55,7417723
750	Frederiksborgvej, 2400 K¿benhavn NV 	Lejlighed	Nej	41700	3. sal	13900	Nej	70250	1-2 Œr	13900	Nej	22/09/2018	ikke snarest	102	3	12,5321704	55,7051805
200	Brass¿vej, 8240 Risskov 	Lejlighed	Ja	33585	2. sal	11195	Nej	56175	Ubegr¾nset	11195	Nej	12/06/2018	snarest	82	4	10,2353323	56,203707
1100	Amaliegade, 8000 Aarhus C 	Lejlighed	Nej	46500	4. sal	46500	Nej	109600	Ubegr¾nset	15500	Nej	19/09/2018	snarest	144	3	10,2070981	56,1539914
1000	¯resund Parkvej, 2300 K¿benhavn S 	Lejlighed	Nej	45000	2. sal	0	Nej	61000	2+ Œr	15000	Nej	22/10/2018	snarest	90	2	12,628226	55,6642408
	Lykkesh¿j, 9293 Kongerslev	Lejlighed	Nej	15750	-	10500	Ja	31500	Ubegr¾nset	5250	Nej	20/06/2018	snarest	73	2	10,116314	56,8871772
500	Skuderl¿sevej, 4690 Haslev	R¾kkehus	Ja	19500	-	19500	Nej	46000	Ubegr¾nset	6500	Nej	13/09/2018	ikke snarest	70	3		
1200	D¾mningen, 7100 Vejle 	Lejlighed	Nej	23970	1. sal	7990	Nej	41150	Ubegr¾nset	7990	Nej	02/10/2018	snarest	91	2	9,5356504	55,7071697
1100	S¿ndergade, 8000 Aarhus C 	Lejlighed	Ja	44700	4. sal	14900	Nej	75600	Ubegr¾nset	14900	Nej	30/10/2018	snarest	125	3	10,1926254	56,1591575
600	Ryesgade, 9000 Aalborg 	Lejlighed	Nej	17400	2. sal	6400	Nej	30200	Ubegr¾nset	5800	Nej	19/10/2018	ikke snarest	80	2	9,9044936	57,0549467
2150	C.F. Richs Vej, 2000 Frederiksberg	Villa	Nej	75000	stuen	50000	Nej	152150	2+ Œr	25000	Nej	07/10/2018	snarest	196	4	12,5067309	55,6869089
0	Hendrik Pontoppidans Gade, 8000 Aarhus C 	Lejlighed	Ja	81000	5. sal	81000	Nej	189000	Ubegr¾nset	27000	Nej	18/08/2018	snarest	136	4	10,2055436	56,1438953
700	Robert Jacobsens Vej, 2300 K¿benhavn S 	Lejlighed	Ja	46047	6. sal	15349	Nej	77445	Ubegr¾nset	15349	Nej	30/10/2018	snarest	79	3	12,5745679	55,6230139
	Marie Curies All, 9220 Aalborg ¯st 	Lejlighed	Ja	24300	stuen	8100	Nej	40500	Ubegr¾nset	8100	Nej	02/08/2018	snarest	95	2		
0	Sophienlundvej, 8660 Skanderborg	Villa	Nej	29400	-	9800	Ja	49000	Ubegr¾nset	9800	Nej	14/08/2018	ikke snarest	150	6	10,0318131	55,9909572
250	Brass¿vej, 8240 Risskov 	Lejlighed	Ja	28485	stuen	9495	Nej	47725	Ubegr¾nset	9495	Nej	12/06/2018	snarest	92	3	10,2353323	56,203707
700	Janus La Cours Gade, 8000 Aarhus C 	Lejlighed	Ja	30600	3. sal	10200	Nej	51700	Ubegr¾nset	10200	Nej	30/10/2018	ikke snarest	97	3	10,1976586	56,1574799
600	Christiansgade, 9000 Aalborg 	Lejlighed	Nej	19485	stuen	6495	Nej	33075	Ubegr¾nset	6495	Nej	25/10/2018	snarest	67	2	9,9202815	57,0440713
1500	Trondhjemsgade, 2100 K¿benhavn ¯ 	Lejlighed	Nej	90702	1. sal	90702	Nej	213138	Ubegr¾nset	30234	Nej	15/08/2018	snarest	253	6	12,5880052	55,6942379
800	Lindehaven, 2630 Taastrup 	Lejlighed	Nej	30573	1. sal	10191	Nej	51755	Ubegr¾nset	10191	Nej	20/07/2018	snarest	82	2	12,2870267	55,6422191
0	Borres¿vej, 8240 Risskov 	Lejlighed	Nej	23850	2. sal	7950	Nej	39750	Ubegr¾nset	7950	Nej	01/11/2018	ikke snarest	53	2	10,2353511	56,2039269
800	Toldbodgade, 1253 K¿benhavn K 	Lejlighed	Nej	40500	1. sal	13500	Nej	68300	1-2 Œr	13500	Ja	01/11/2018	snarest	84	3	12,5938453	55,6826832
800	Poul Paghs Gade, 9000 Aalborg 	Lejlighed	Ja	21555	1. sal	7185	Nej	36725	Ubegr¾nset	7185	Nej	25/09/2018	ikke snarest	84	3	9,9103598	57,052017
950	Haralds Plads, 8722 Hedensted 	Lejlighed	Nej	24762	1. sal	8254	Nej	42220	Ubegr¾nset	8254	Nej	20/09/2018	ikke snarest	110	2	9,7017338	55,7702354
1000	Skovledet, 3400 Hiller¿d 	Lejlighed	Nej	29025	2. sal	29025	Ja	68725	Ubegr¾nset	9675	Nej	14/09/2018	ikke snarest	78	3	12,330493	55,9367288
1000	Hovedgaden, 9480 L¿kken 	Lejlighed	Nej	10500	1. sal	0	Nej	15000	Ubegr¾nset	3500	Nej	01/11/2018	snarest	70	4		
	Hestehaven, 8500 Grenaa	R¾kkehus	Nej	31200	-		Ja	39516	Ubegr¾nset	8316	Nej	01/11/2018	snarest	104	4		
1050	¯resundsvej, 2300 K¿benhavn S 	Lejlighed	Ja	53700	1. sal	17900	Nej	90550	2-12 mdr.	17900	Ja	01/11/2018	ikke snarest	110	4	12,6158267	55,660833
0	Elverdalsvej, 8270 H¿jbjerg	Lejlighed	Nej	23700	-	0	Nej	31600	2+ Œr	7900	Nej	01/11/2018	ikke snarest	62	2	10,1981503	56,1127045
700	Schleppegrellsgade, 9000 Aalborg 	Lejlighed	Nej	16800	3. sal	5600	Nej	28700	Ubegr¾nset	5600	Nej	01/11/2018	snarest	60	2	9,9013538	57,0532867
800	Sigbrits All, 2300 K¿benhavn S 	Lejlighed	Nej	40500	3. sal	13500	Nej	68300	Ubegr¾nset	13500	Nej	01/11/2018	snarest	81	2	12,6070265	55,6579218
800	Sigbrits All, 2300 K¿benhavn S 	Lejlighed	Ja	47550	3. sal	15850	Nej	80050	Ubegr¾nset	15850	Nej	01/11/2018	snarest	95	3	12,6070265	55,6579218
400	Kattesund, 8700 Horsens 	Lejlighed	Nej	15342	3. sal	10228	Nej	31084	Ubegr¾nset	5114	Nej	01/11/2018	snarest	67	2	9,8538398	55,8624696
0	Kastanjehaven, 8520 Lystrup	R¾kkehus	Nej	28350	-	9450	Ja	47250	Ubegr¾nset	9450	Nej	01/11/2018	snarest	111	4	10,2514042	56,2391658
650	Ryesgade, 9000 Aalborg 	Lejlighed	Ja	17550	2. sal	5850	Nej	29900	Ubegr¾nset	5850	Nej	01/11/2018	ikke snarest	68	3	9,9044936	57,0549467
700	Vestergade, 5000 Odense C 	Lejlighed	Nej	14754	stuen	14754	Nej	35126	Ubegr¾nset	4918	Nej	01/11/2018	ikke snarest	55	1	10,3799513	55,3938492
800	Vesterbro, 9000 Aalborg 	Lejlighed	Nej	22500	1. sal	7500	Nej	38300	Ubegr¾nset	7500	Nej	01/11/2018	snarest	83	2	9,9133799	57,0462433
0	Vagtelvej, 2000 Frederiksberg 	V¾relse	Nej	6500	2. sal	0	Nej	13000	Ubegr¾nset	6500	Ja	01/11/2018	ikke snarest	12	1	12,52336	55,6917152
750	¯stergade, 5600 Faaborg 	Lejlighed	Nej	10485	2. sal	10485	Nej	25215	Ubegr¾nset	3495	Nej	01/11/2018	snarest	30	2	10,2465927	55,0942107
500	¯rb¾kvej, 5854 Gislev	Villa	Ja	18375	-	6125	Nej	31125	Ubegr¾nset	6125	Nej	01/11/2018	ikke snarest	146	6	10,6274729	55,2267662
500	Pr¾stev¾nget, 5854 Gislev	Villa	Ja	15585	-	15585	Nej	36865	Ubegr¾nset	5195	Nej	01/11/2018	snarest	130	4	10,6006174	55,2199507
	¯stergade, 1100 K¿benhavn K 	Lejlighed	Nej	51000	4. sal	51000	Nej	119000	1-2 Œr	17000	Ja	01/11/2018	ikke snarest	78	4	12,5824531	55,6796262
352	HemmegŒrdsvej, 5863 Ferritslev Fyn	R¾kkehus	Nej	22500	-	7500	Ja	37852	Ubegr¾nset	7500	Nej	01/11/2018	ikke snarest	95	5		
600	Martin Luther Kings Vej, 2450 K¿benhavn SV 	Lejlighed	Nej	42000	stuen		Nej	56600	2+ Œr	14000	Nej	01/11/2018	ikke snarest	72	2		
0	haldrupvej , 8700 Horsens 	R¾kkehus	Nej	22950	stuen	15300	Nej	45900	Ubegr¾nset	7650	Nej	01/11/2018	ikke snarest	98	3	9,891839	55,8689642
400	S¿nderbro, 6100 Haderslev	Lejlighed	Nej	11685	-	3895	Nej	19875	Ubegr¾nset	3895	Nej	01/11/2018	snarest	55	2	9,4893831	55,2477408
700	Sprotoften, 5800 Nyborg 	Lejlighed	Nej	8289	1. sal	5526	Nej	17278	Ubegr¾nset	2763	Nej	01/11/2018	ikke snarest	46	1	10,7812726	55,3189029
0	Lille¿vej, 8600 Silkeborg	Villa	Ja	25200	-	8400	Nej	42000	Ubegr¾nset	8400	Nej	01/11/2018	ikke snarest	125	4	9,630387	56,1331903
700	Strandbygade, 6700 Esbjerg 	Lejlighed	Nej	23700	3. sal		Nej	32300	Ubegr¾nset	7900	Nej	01/11/2018	ikke snarest	90	3	8,440213	55,4691832
700	Solbakken, 5330 Munkebo 	Lejlighed	Nej	12489	1. sal	12489	Nej	29841	Ubegr¾nset	4163	Nej	01/11/2018	ikke snarest	64	2	10,5557186	55,4646898
	Egev¾nget, 8870 LangŒ	Lejlighed	Nej	23550	-	7850	Ja	39250	Ubegr¾nset	7850	Nej	01/11/2018	ikke snarest	95	3	9,8994007	56,393552
	Fl¿jlsgr¾sset, 5220 Odense S¯	Lejlighed	Nej	24000	-	8000	Ja	40000	Ubegr¾nset	8000	Nej	01/11/2018	ikke snarest	88	4		
0	Bernstorffsvej, 2900 Hellerup 	Lejlighed	Nej	5000	1. sal	36000	Nej	53000	Ubegr¾nset	12000	Ja	01/11/2018	ikke snarest	85	3	12,5560689	55,7364435
700	Rosendalen, 5330 Munkebo 	Lejlighed	Nej	10653	1. sal	10653	Nej	25557	Ubegr¾nset	3551	Nej	01/11/2018	ikke snarest	42	1	10,5630415	55,464224
500	Rudolph Wulffs Gade, 8000 Aarhus C 	Lejlighed	Ja	23850	2. sal	23850	Nej	56150	Ubegr¾nset	7950	Nej	01/11/2018	ikke snarest	67	2	10,1856806	56,1407847
0	Engholms All, 8240 Risskov 	Lejlighed	Nej	25200	1. sal	0	Nej	33600	Ubegr¾nset	8400	Nej	01/11/2018	ikke snarest	89	3	10,2378	56,2077287
945	Gr¿fth¿jparken, 8260 Viby J 	Lejlighed	Nej	13998	13. sal	13998	Nej	35940	Ubegr¾nset	6999	Nej	01/11/2018	ikke snarest	70	2		
800	Rimmensgade, 9900 Frederikshavn 	Lejlighed	Nej	10500	2. sal	0	Ja	14800	Ubegr¾nset	3500	Nej	01/11/2018	ikke snarest	46	2	10,5308584	57,4384984
300	Engbakken, 8471 Sabro	R¾kkehus	Nej	29850	-	9950	Ja	50050	Ubegr¾nset	9950	Nej	01/11/2018	ikke snarest	127	6		
1000	M¿llestr¾de, 7330 Brande 	Lejlighed	Ja	17856	stuen	6162	Nej	31810	Ubegr¾nset	6162	Nej	01/11/2018	snarest	78	3	9,1293219	55,9438068
725	Finlandsgade, 6700 Esbjerg 	Lejlighed	Nej	15000	1. sal	0	Nej	20725	Ubegr¾nset	5000	Nej	01/11/2018	snarest	63	2	8,4443387	55,4693565
900	Niels M¿rchs Gade, 9900 Frederikshavn	R¾kkehus	Ja	22050	-	0	Nej	30300	Ubegr¾nset	7350	Nej	01/11/2018	ikke snarest	97	4	10,5307901	57,4380599
400	G¾rumvej, 9900 Frederikshavn 	Lejlighed	Nej	7800	1. sal	0	Nej	10800	Ubegr¾nset	2600	Nej	01/11/2018	snarest	42	2	10,5127334	57,4273045
700	Falkenborgvej, 3600 Frederikssund 	Lejlighed	Nej	28245	5. sal		Nej	38360	Ubegr¾nset	9415	Nej	01/11/2018	ikke snarest	73	3	12,0634382	55,8436545
600	Skjoldsgade, 6700 Esbjerg 	Lejlighed	Nej	19500	1. sal	6500	Nej	33100	Ubegr¾nset	6500	Nej	01/11/2018	ikke snarest	81	2	8,4507406	55,4714412
600	Ravnsborggade, 7400 Herning 	Lejlighed	Nej	15900	1. sal		Nej	21800	2+ Œr	5300	Nej	01/11/2018	snarest	62	2	8,9877419	56,1348092
550	Margrethevej, 9900 Frederikshavn 	Lejlighed	Nej	9000	k¾lderen	0	Nej	12550	Ubegr¾nset	3000	Nej	01/11/2018	ikke snarest	50	2	10,5353246	57,4351434
600	Brenning, 9400 N¿rresundby 	Lejlighed	Nej	12525	stuen	0	Nej	17300	Ubegr¾nset	4175	Nej	01/11/2018	ikke snarest	51	2	9,9372675	57,0608067
650	Kalkv¾rksvej, 9900 Frederikshavn 	Lejlighed	Nej	9600	stuen	3850	Nej	17300	Ubegr¾nset	3200	Nej	01/11/2018	snarest	41	2	10,5313773	57,4361255
	Gl. Holtegade, 2840 Holte	Villa	Nej	42000	-		Ja	56000	2-12 mdr.	14000	Ja	01/11/2018	snarest	80	3		
1800	Valsen, 3140 lsgŒrde	R¾kkehus	Nej	36000	-	0	Ja	49800	1-2 Œr	12000	Nej	01/11/2018	ikke snarest	114	5		
1050	Hedelunden, 2670 Greve	Lejlighed	Nej	34200	-	34200	Ja	80850	Ubegr¾nset	11400	Nej	01/11/2018	ikke snarest	72	2	12,3322606	55,605451
600	Magstr¾de, 1204 K¿benhavn K 	Lejlighed	Nej	46500	2. sal	15500	Nej	78100	1-2 Œr	15500	Ja	01/11/2018	snarest	92	2	12,5756545	55,6764337
800	Galstersgade, 9400 N¿rresundby 	Lejlighed	Nej	17514	1. sal	5838	Nej	29990	Ubegr¾nset	5838	Nej	01/11/2018	snarest	66	2	9,9272215	57,0602304
0	N¿rre alle, 8000 Aarhus C 	V¾relse	Nej	12900	1. sal	0	Nej	17200	2+ Œr	4300	Nej	01/11/2018	ikke snarest	16	1	10,2035124	56,1597878
1600	VidŒgade, 6270 T¿nder 	Lejlighed	Nej	15600	1. sal	5200	Nej	27600	2+ Œr	5200	Nej	01/11/2018	snarest	150	4	8,8720365	54,9357627
1000	Fjordbakken, 8300 Odder	Villa	Nej	23400	-	8000	Nej	40200	Ubegr¾nset	7800	Nej	01/11/2018	snarest	125	5	10,1157676	55,8783472
250	Hovedgaden, 6973 ¯rnh¿j 	Lejlighed	Nej	8250	stuen	0	Ja	11250	Ubegr¾nset	2750	Nej	01/11/2018	snarest	55	2	8,5648064	56,1999074
900	Vesterbrogade, 7100 Vejle 	Lejlighed	Ja	22485	1. sal	7495	Nej	38375	Ubegr¾nset	7495	Nej	01/11/2018	ikke snarest	82	4	9,5298465	55,7156883
600	M¿llehatten, 8240 Risskov 	Lejlighed	Ja	24900	1. sal	8300	Nej	42100	Ubegr¾nset	8300	Nej	01/11/2018	ikke snarest	67	2		
0	Markedsvej, 9900 Frederikshavn 	Lejlighed	Nej	22077	1. sal	22077	Nej	51513	Ubegr¾nset	7359	Nej	01/11/2018	ikke snarest	136	3	10,5377785	57,447122
400	Markedsvej, 9900 Frederikshavn 	Lejlighed	Nej	29994	6. sal	29994	Nej	70386	Ubegr¾nset	9998	Nej	01/11/2018	snarest	121	4	10,5377785	57,447122
400	M¿llehatten, 8240 Risskov 	Lejlighed	Nej	13950	1. sal	4650	Nej	23650	Ubegr¾nset	4650	Nej	01/11/2018	ikke snarest	32	1		
710	Gammel K¿ge Landevej, 2650 Hvidovre 	Lejlighed	Nej	29700	2. sal	9900	Nej	50210	Ubegr¾nset	9900	Nej	01/11/2018	ikke snarest	81	2	12,4847467	55,6289553
1120	Herluf Trolles Vej, 7400 Herning 	Lejlighed	Nej	19500	stuen	0	Nej	27120	Ubegr¾nset	6500	Nej	01/11/2018	snarest	83	4	8,9650296	56,1320579
600	Gersdorffsgade, 8700 Horsens 	Lejlighed	Nej	19500	stuen	6500	Nej	33100	Ubegr¾nset	6500	Nej	01/11/2018	ikke snarest	74	2	9,8592671	55,8607112
1000	¯ver¿dvej, 2840 Holte 	Lejlighed	Nej	32862	3. sal	21908	Nej	66724	Ubegr¾nset	10954	Nej	01/11/2018	ikke snarest	82	2	12,4732323	55,8112905
1000	Godthaabsvej, 4300 Holb¾k 	Lejlighed	Nej	22800	stuen	15200	Nej	46600	Ubegr¾nset	7600	Nej	01/11/2018	ikke snarest	60	2	11,7216523	55,7105033
200	Perikumvej, 9000 Aalborg 	Lejlighed	Ja	18585	1. sal	6195	Nej	31175	Ubegr¾nset	6195	Nej	01/11/2018	snarest	50	2	9,8992687	57,0247938
400	Heibergsgade, 8000 Aarhus C 	Lejlighed	Nej	24300	1. sal	8100	Nej	40900	Ubegr¾nset	8100	Nej	01/11/2018	ikke snarest	63	2	10,2084439	56,146918
1100	rbygade, 4400 Kalundborg	Lejlighed	Nej	15300	-	5100	Nej	26600	Ubegr¾nset	5100	Nej	01/11/2018	ikke snarest	60	2	11,1358152	55,6481141
0	Onsholtvej, 8260 Viby J 	Lejlighed	Ja	23865	stuen	7955	Ja	39775	Ubegr¾nset	7955	Nej	01/11/2018	ikke snarest	76	3		
650	Christmas M¿llers Vej, 5200 Odense V 	Lejlighed	Nej	10200	1. sal	5100	Nej	21050	Ubegr¾nset	5100	Nej	01/11/2018	ikke snarest	65	2	10,354053	55,3952692
200	Perikumvej, 9000 Aalborg	Lejlighed	Nej	16485	-	5495	Nej	27675	Ubegr¾nset	5495	Nej	01/11/2018	snarest	50	2	9,8992687	57,0247938
950	Vestergade, 4930 Maribo	Lejlighed	Nej	9375	-	3125	Nej	16575	Ubegr¾nset	3125	Nej	01/11/2018	snarest	52	1	11,4984707	54,7744318
700	Sct. Peders Gade, 8900 Randers C 	Lejlighed	Nej	12600	stuen	4200	Nej	21700	Ubegr¾nset	4200	Nej	01/11/2018	ikke snarest	58	2		
630	Torvegade, 6800 Varde 	Lejlighed	Ja	15280	3. sal		Ja	21037	Ubegr¾nset	5127	Nej	01/11/2018	ikke snarest	74	3	8,4816178	55,6189216
0	Onsholtvej, 8260 Viby J 	Lejlighed	Ja	23865	1. sal	7955	Ja	39775	Ubegr¾nset	7955	Nej	01/11/2018	ikke snarest	76	3		
600	bjergegade , 7000 Fredericia 	Lejlighed	Nej	10800	stuen	0	Nej	15000	Ubegr¾nset	3600	Nej	01/11/2018	ikke snarest	50	2	9,7615461	55,5659192
1300	Holb¾kvej, 4450 Jyderup 	Lejlighed	Nej	21000	1. sal	7000	Nej	36300	Ubegr¾nset	7000	Nej	01/11/2018	snarest	93	4	11,4137825	55,6641874
	Kompagnivej, 8930 Randers N¯ 	Lejlighed	Nej	21400	2. sal		Nej	26229	Ubegr¾nset	4829	Nej	01/11/2018	snarest	105	3		
0	Spangsvej, 5210 Odense NV	R¾kkehus	Nej	24675	-	8225	Ja	41125	Ubegr¾nset	8225	Nej	01/11/2018	ikke snarest	106	4	10,311312	55,4127366
0	Nyborgvej, 5000 Odense C 	Lejlighed	Nej	18750	3. sal	18750	Nej	43750	Ubegr¾nset	6250	Nej	01/11/2018	ikke snarest	59	2	10,4009156	55,3944844
500	Hobrovej, 8900 Randers C 	Lejlighed	Ja	12590	stuen	4196	Nej	21482	Ubegr¾nset	4196	Nej	01/11/2018	ikke snarest	63	2	9,999596	56,4802173
400	¯stergade, 8300 Odder 	Lejlighed	Nej	19800	stuen	6600	Nej	33400	Ubegr¾nset	6600	Nej	01/11/2018	ikke snarest	96	3	10,1565954	55,9748898
580	Eskeb¾kparken, 8660 Skanderborg 	Lejlighed	Nej	7500	1. sal	2500	Nej	13080	Ubegr¾nset	2500	Nej	01/11/2018	ikke snarest	38	1	9,9032195	56,0385702
2400	Damvadvej, 3670 Veks¿ Sj¾lland	Lejlighed	Nej	19000	-	9500	Nej	40400	2-12 mdr.	9500	Ja	01/11/2018	ikke snarest	75	2		
400	D¿ckerslundsvej, 5000 Odense C 	Lejlighed	Ja	23550	1. sal	0	Nej	31800	Ubegr¾nset	7850	Nej	01/11/2018	snarest	80	3	10,402442	55,4122898
400	Tolderlundsvej, 5000 Odense C 	Lejlighed	Ja	18750	2. sal	0	Nej	25400	Ubegr¾nset	6250	Nej	01/11/2018	snarest	60	2	10,3864765	55,4115629
800	Kochsgade, 5000 Odense C 	Lejlighed	Ja	22275	1. sal	14850	Nej	45350	Ubegr¾nset	7425	Nej	01/11/2018	ikke snarest	90	3	10,3991408	55,403525
400	N¾sbyhovedvej, 5270 Odense N 	Lejlighed	Ja	13500	1. sal	0	Nej	18550	Ubegr¾nset	4650	Nej	01/11/2018	snarest	40	1	10,3702746	55,4168079
0	postgŒrden, 3450 Aller¿d 	V¾relse	Nej	400	stuen	0	Nej	800	Ubegr¾nset	400	Nej	01/11/2018	ikke snarest	7	1	12,3551157	55,8713751
1329	Elmev¾nget, 4300 Holb¾k 	Lejlighed	Nej	30300	stuen	20200	Nej	61929	Ubegr¾nset	10100	Nej	01/11/2018	snarest	123	4	11,714387	55,7107089
1000	Elrovej, 8920 Randers NV	R¾kkehus	Nej	30600	-	10200	Nej	52000	Ubegr¾nset	10200	Nej	01/11/2018	ikke snarest	125	3	9,980534	56,464289
750	Saltholmsgade, 8000 Aarhus C 	Lejlighed	Nej	22950	1. sal	22950	Nej	54300	Ubegr¾nset	7650	Nej	01/11/2018	ikke snarest	72	3	10,1959915	56,1588066
1000	Havneplads, 8500 Grenaa 	Lejlighed	Nej	18600	1. sal	6200	Nej	32000	Ubegr¾nset	6200	Nej	01/11/2018	snarest	95	3	10,9194683	56,4084141
450	Skovvangsvej, 8200 Aarhus N 	Lejlighed	Nej	13200	3. sal	13200	Nej	31250	Ubegr¾nset	4400	Nej	01/11/2018	ikke snarest	32	1	10,2091636	56,1756627
0	Tilst Parkvej, 8381 Tilst	Lejlighed	Nej	26700	-	0	Nej	35600	Ubegr¾nset	8900	Nej	01/11/2018	ikke snarest	105	4	10,0986608	56,1859478
600	Dalbovej, 8210 Aarhus V 	R¾kkehus	Nej	22500	stuen	22500	Nej	53100	Ubegr¾nset	7500	Nej	01/11/2018	ikke snarest	64	2	10,133282	56,1783854
300	parken, 8000 Aarhus C 	Lejlighed	Nej	16200	3. sal	5400	Nej	27300	Ubegr¾nset	5400	Nej	01/11/2018	ikke snarest	28	1	10,1876712	56,1543414
0	Digevej, 7400 Herning	R¾kkehus	Nej	26100	-	0	Nej	34800	Ubegr¾nset	8700	Nej	01/11/2018	ikke snarest	115	4	8,9246598	56,1638479
800	Thuresensgade, 5000 Odense C 	Lejlighed	Nej	18399	stuen	18399	Nej	43731	Ubegr¾nset	6133	Nej	01/11/2018	ikke snarest	65	2	10,4077054	55,3926925
1800	Sneb¾rvej, 8500 Grenaa	Villa	Nej	22500	-	0	Nej	31800	2-12 mdr.	7500	Nej	01/11/2018	snarest	182	6	10,8604037	56,4249051
500	Arkildsdal, 9400 N¿rresundby 	V¾relse	Nej	6000	stuen	0	Nej	9500	Ubegr¾nset	3000	Nej	01/11/2018	snarest	25	1	9,9164235	57,0738039
500	Arkildsdal, 9400 N¿rresundby 	V¾relse	Nej	6000	stuen	0	Nej	9500	Ubegr¾nset	3000	Nej	01/11/2018	ikke snarest	25	1	9,9164235	57,0738039
700	Ajstrup Strandvej, 8340 Malling	Villa	Nej	13500	-	0	Ja	18700	Ubegr¾nset	4500	Nej	01/11/2018	snarest	30	2		
845	Nordens Plads, 2000 Frederiksberg 	Lejlighed	Nej	29439	8. sal	29439	Nej	69536	Ubegr¾nset	9813	Nej	01/11/2018	ikke snarest	74	2	12,5012148	55,6722628
500	Strandvejen, 3070 Snekkersten 	Lejlighed	Nej	52500	stuen	52500	Ja	123000	Ubegr¾nset	17500	Nej	01/11/2018	snarest	138	4	12,5893482	56,0092093
0	Storegade, 6670 Holsted	Lejlighed	Nej	12900	-	4300	Nej	21500	Ubegr¾nset	4300	Nej	01/11/2018	snarest	87	2	8,9146903	55,4905708
600	Nymarksvej, 7000 Fredericia 	Lejlighed	Nej	13500	stuen	0	Nej	18775	Ubegr¾nset	4675	Nej	01/11/2018	snarest	69	3	9,7604558	55,5827474
700	Nyborgvej, 5000 Odense C 	Lejlighed	Nej	18750	stuen	18750	Nej	44450	Ubegr¾nset	6250	Nej	01/11/2018	ikke snarest	69	2	10,4009156	55,3944844
1600	Strandparken, 8585 Glesborg	Villa	Nej	18000	-	0	Nej	25600	Ubegr¾nset	6000	Nej	01/11/2018	ikke snarest	146	4		
	Pedersborg V¾nge, 4180 Sor¿	Lejlighed	Nej	26700	-	8900	Ja	44500	Ubegr¾nset	8900	Nej	01/11/2018	ikke snarest	103	4		
0	Munkebjergv¾nget, 5230 Odense M 	Lejlighed	Nej	15771	3. sal	15771	Nej	36799	Ubegr¾nset	5257	Nej	01/11/2018	ikke snarest	49	2	10,4062623	55,3726818
1500	Slyngborggade, 8900 Randers C 	Lejlighed	Nej	21600	3. sal	7200	Nej	37500	Ubegr¾nset	7200	Nej	01/11/2018	snarest	123	4	10,0304516	56,4626655
0	Bredgade, 8340 Malling	R¾kkehus	Nej	20850	-	0	Ja	27800	Ubegr¾nset	6950	Nej	01/11/2018	ikke snarest	91	3	10,1927683	56,0371676
500	Dronningensgade, 7000 Fredericia 	Lejlighed	Nej	13500	stuen	4500	Nej	23000	Ubegr¾nset	4500	Nej	01/11/2018	ikke snarest	61	2	9,76562	55,5611824
525	Skanderborgvej, 8751 Gedved 	Lejlighed	Nej	14400	1. sal	0	Nej	19725	Ubegr¾nset	4800	Nej	01/11/2018	snarest	52	2	9,8497916	55,940357
900	S¿nderskovvej, 6040 Egtved 	Lejlighed	Ja	18585	stuen	0	Ja	26480	Ubegr¾nset	6995	Nej	01/11/2018	snarest	120	4		
900	S¿ndergade, 6650 Br¿rup 	Lejlighed	Ja	15585	2. sal	0	Ja	21680	Ubegr¾nset	5195	Nej	01/11/2018	snarest	70	3	9,0176528	55,4788806
500	Valmuevej, 7000 Fredericia 	Lejlighed	Nej	6759	1. sal	6759	Nej	16271	Ubegr¾nset	2253	Nej	01/11/2018	ikke snarest	37	1	9,7519619	55,5744513
1200	Kongensgade, 5000 Odense C 	Lejlighed	Ja	31626	2. sal	10542	Nej	53910	Ubegr¾nset	10542	Nej	01/11/2018	ikke snarest	121	4	10,3820356	55,3961379
920	Egebjerg Bygade, 2750 Ballerup 	Lejlighed	Nej	31500	stuen	31500	Nej	74420	Ubegr¾nset	10500	Nej	01/11/2018	snarest	90	3	12,3775312	55,7477576
640	Jyllandsgade, 7000 Fredericia	Lejlighed	Nej	11850	-	3950	Nej	20390	Ubegr¾nset	3950	Nej	01/11/2018	ikke snarest	42	2	9,7525899	55,5656559
800	Danmarksgade, 8900 Randers C 	Lejlighed	Nej	12600	2. sal	4200	Nej	21800	Ubegr¾nset	4200	Nej	01/11/2018	snarest	72	3	10,0268878	56,4634921
600	Glostervej, 2500 Valby 	Lejlighed	Ja	39300	2. sal	13100	Ja	66100	Ubegr¾nset	13100	Nej	01/11/2018	ikke snarest	90	3	12,5050033	55,6539006
600	Glostervej, 2500 Valby 	Lejlighed	Ja	37800	stuen	12600	Ja	63600	Ubegr¾nset	12600	Nej	01/11/2018	ikke snarest	85	3	12,5050033	55,6539006
500	Fynsgade, 8000 Aarhus C 	Lejlighed	Nej	40500	5. sal	27000	Nej	81500	Ubegr¾nset	13500	Nej	01/11/2018	ikke snarest	122	3	10,2020306	56,1643286
0	¯rb¾kvej, 5863 Ferritslev Fyn	Villa	Nej	22050	-	0	Ja	29400	Ubegr¾nset	7350	Nej	01/11/2018	ikke snarest	210	7		
400	Vossvej, 9000 Aalborg	Villa	Ja	47700	-	0	Ja	64000	Ubegr¾nset	15900	Nej	01/11/2018	snarest	121	4	9,9010138	57,041688
450	Fynsgade, 8000 Aarhus C 	Lejlighed	Ja	28500	3. sal	28500	Nej	66950	Ubegr¾nset	9500	Nej	01/11/2018	snarest	89	3	10,2020306	56,1643286
0	H¿jen, 4100 Ringsted	R¾kkehus	Nej	30900	-	10300	Ja	51500	Ubegr¾nset	10300	Nej	01/11/2018	ikke snarest	99	3	11,8158216	55,4673065
1000	Liljevej, 4600 K¿ge	R¾kkehus	Ja	27000	-	18000	Ja	55000	2+ Œr	9000	Nej	01/11/2018	ikke snarest	72	3	12,1734087	55,4485699
600	Nedergade, 8400 Ebeltoft 	Lejlighed	Nej	11178	stuen	3726	Nej	19230	Ubegr¾nset	3726	Nej	01/11/2018	snarest	36	2	10,674947	56,196149
900	Vestervang, 8000 Aarhus C 	Lejlighed	Nej	22500	stuen	22500	Nej	53400	Ubegr¾nset	7500	Nej	01/11/2018	snarest	64	2	10,1932153	56,1647863
750	gade, 9000 Aalborg 	Lejlighed	Ja	20850	2. sal	0	Nej	28550	Ubegr¾nset	6950	Nej	01/11/2018	ikke snarest	92	4	9,9214107	57,0439834
0	Marienlystvej, 8200 Aarhus N	V¾relse	Nej	10500	-	0	Nej	14000	Ubegr¾nset	3500	Nej	01/11/2018	ikke snarest	15	1	10,1563251	56,1870206
825	Seest Bakke, 6000 Kolding 	V¾relse	Nej	4000	k¾lderen	2725	Nej	9450	Ubegr¾nset	1900	Nej	01/11/2018	ikke snarest	21	1	9,4485082	55,4872671
1000	C.F. M¿llers All, 2300 K¿benhavn S 	Lejlighed	Nej	29800	8. sal	29800	Nej	75500	Ubegr¾nset	14900	Nej	01/11/2018	snarest	93	3	12,579439	55,6350097
1100	Havneholmen, 1561 K¿benhavn V 	Lejlighed	Ja	50700	3. sal	16900	Nej	85600	Ubegr¾nset	16900	Nej	01/11/2018	ikke snarest	98	3	12,5583279	55,6613066
900	Odensevej, 5471 S¿nders¿	Villa	Nej	16200	stuen	0	Nej	22500	Ubegr¾nset	5400	Nej	01/11/2018	ikke snarest	75	2	10,2590473	55,4641682
950	Vejenvej, 6600 Vejen 	Lejlighed	Nej	12600	stuen	4200	Nej	21950	Ubegr¾nset	4200	Nej	01/11/2018	snarest	52	2	9,1164421	55,4700085
1000	Gjorslevvej, 4660 Store Heddinge	Lejlighed	Nej	13500	-	4500	Nej	23500	Ubegr¾nset	4500	Nej	01/11/2018	snarest	72	3		
0	Slotsgade, 6200 Aabenraa	Villa	Nej	25500	-	0	Ja	34000	2+ Œr	8500	Nej	01/11/2018	snarest	118	3	9,4178745	55,0414571
1000	Brogade, 5700 Svendborg 	Lejlighed	Nej	25500	2. sal	8500	Nej	43500	Ubegr¾nset	8500	Nej	01/11/2018	ikke snarest	112	3	10,6135934	55,0580952
	Hovedgaden, 6534 Agerskov	Villa	Nej	9900	-		Ja	13200	Ubegr¾nset	3300	Nej	01/11/2018	snarest	60	2	9,1287012	55,1300668
	Griffenfeldsgade, 2200 K¿benhavn N	Lejlighed	Nej	43500	-		Nej	58000	2+ Œr	14500	Ja	01/11/2018	ikke snarest	92	2	12,5527905	55,6862387
700	Skovvej, 9560 Hadsund 	Lejlighed	Nej	16500	stuen	0	Nej	22700	Ubegr¾nset	5500	Nej	01/11/2018	snarest	84	4	10,1079938	56,7130115
750	Parmagade, 2300 K¿benhavn S 	Lejlighed	Ja	44700	1. sal	14900	Nej	75250	Ubegr¾nset	14900	Nej	01/11/2018	ikke snarest	105	3	12,6155102	55,6531805
0	Nordre Frihavnsgade, 2100 K¿benhavn ¯ 	Lejlighed	Nej	10000	5. sal	0	Nej	20000	2-12 mdr.	10000	Ja	01/11/2018	ikke snarest	65	3	12,5813031	55,7016143
0	¯disvej, 6070 Christiansfeld	Lejlighed	Nej	22500	-	7500	Ja	37500	Ubegr¾nset	7500	Nej	01/11/2018	snarest	117	4		
500	Ryesgade, 9000 Aalborg 	Lejlighed	Nej	14700	2. sal	4900	Nej	25000	Ubegr¾nset	4900	Nej	01/11/2018	ikke snarest	65	2	9,9044936	57,0549467
379	Gammel Landevej, 8380 Trige 	Lejlighed	Nej	11670	stuen	3890	Nej	19829	Ubegr¾nset	3890	Nej	01/11/2018	ikke snarest	51	1		
1700	Tellusvej, 4040 Jyllinge	Villa	Nej	36000	-	12000	Nej	61700	2-12 mdr.	12000	Nej	01/11/2018	snarest	130	4	12,1109803	55,7488613
1000	pustervig , 1128 K¿benhavn K 	Lejlighed	Nej	29700	4. sal	9900	Nej	50500	Ubegr¾nset	9900	Nej	01/11/2018	snarest	68	2	12,5755049	55,6824394
700	Sdr. Havnegade, 6000 Kolding 	Lejlighed	Nej	11465	1. sal	7643	Nej	23744	1-2 Œr	3936	Nej	01/11/2018	ikke snarest	62	2	9,4800631	55,4884208
	Toftevejen, 8970 Havndal	Villa	Ja	13350	-		Ja	17800	Ubegr¾nset	4450	Nej	01/11/2018	ikke snarest	76	3		
0	Vandm¿llegŒrdsvej, 7000 Fredericia	R¾kkehus	Nej	23130	-	7710	Nej	38550	Ubegr¾nset	7710	Nej	01/11/2018	snarest	110	4	9,6915299	55,5516847
0	Blomstermarken, 9600 Aars	R¾kkehus	Ja	17000	-		Ja	22433	Ubegr¾nset	5433	Nej	01/11/2018	snarest	85	3		
	rhusvej, 8570 Trustrup 	Lejlighed	Nej	15000	1. sal		Nej	19055	Ubegr¾nset	4055	Nej	01/11/2018	snarest	66	2	10,7644797	56,346007
	Dammen, 6330 Padborg 	Lejlighed	Nej	17760	stuen		Nej	21765	Ubegr¾nset	4005	Nej	01/11/2018	ikke snarest	80	3	9,3537325	54,8238323
1150	Vester F¾lledvej, 1750 K¿benhavn V 	Lejlighed	Nej	42000	stuen		Nej	57150	2+ Œr	14000	Nej	01/11/2018	ikke snarest	80	3		
600	GodthŒbsgade, 8000 Aarhus C 	Lejlighed	Nej	23559	1. sal	7853	Nej	39865	Ubegr¾nset	7853	Nej	01/11/2018	ikke snarest	47	2	10,1975277	56,1476095
735	L¿ven¿rnsgade, 8700 Horsens 	Lejlighed	Nej	16218	1. sal	10812	Nej	33171	Ubegr¾nset	5406	Nej	01/11/2018	ikke snarest	69	2	9,837973	55,8612085